{
  "ReRoutes": [
    {
      "DownstreamPathTemplate": "/api/movie",
      "DownstreamScheme": "http",
      "UpstreamPathTemplate": "/api/movie",
      "ServiceName": "MoviesApi",
      "UpstreamHttpMethod": [ "Get" ]
    },
    {
      "DownstreamPathTemplate": "/api/user",
      "DownstreamScheme": "http",
      "UpstreamPathTemplate": "/api/user",
      "ServiceName": "UserApi",
      "UpstreamHttpMethod": [ "Get" ]
    }
  ],
  "GlobalConfiguration": {
    "RequestIdKey": "OcRequestId",
    "AdministrationPath": "/administration",
    "UseServiceDiscovery": true,
    "ServiceDiscoveryProvider": {
      "Type": "Eureka",
      "Host": "localhost",
      "Port": "8761"
    }
  }
}