{
    "ReRoutes": [
        {
            "DownstreamPathTemplate": "/api/movie",
            "DownstreamScheme": "http",
            "UpstreamPathTemplate": "/movie",
            "UpstreamHttpMethod": [ "Get" ],
            "Key": "movies",
            "DownstreamHostAndPorts": [
                {
                    "Host": "localhost",
                    "Port": "64087"
                }
            ]
        },
        {
            "DownstreamPathTemplate": "/api/user",
            "DownstreamScheme": "http",
            "UpstreamPathTemplate": "/user",
            "UpstreamHttpMethod": [ "Get" ],
            "Key": "users",
            "DownstreamHostAndPorts": [
                {
                    "Host": "localhost",
                    "Port": "64291"
                }
            ]
        }
    ],
    "Aggregates": [
        {
            "ReRouteKeys": [
                "movies",
                "users"
            ],
            "UpstreamPathTemplate": "/combine"
        }
    ],
    "GlobalConfiguration": {
        "RequestIdKey": "OcRequestId",
        "AdministrationPath": "/administration",
        "UseServiceDiscovery": true,
        "ServiceDiscoveryProvider": {
            "Type": "Eureka",
            "Host": "localhost",
            "Port": "8761"
        }
    }
}